Channel,a,σa,b,σb,c,σc,R2
R,44.305,0.22121673774563186,165.6,2.246938744046749,-1.4149,0.018372289426042094,1.0000
G,2.7699,3.339772182802928,424.02,46.65730892499625,-3.0225,0.2735619629134468,0.9999
B,10.612,7.354757179985121,802.51,197.90124427873553,-9.2708,1.521095416737276,0.9997
