Channel,a,σa,b,σb,c,σc,R2
R,43.89,0.3532015085747711,172.41,3.6467702745501094,-1.4718,0.029556831029017343,1.0000
G,2.4647,3.165799879644082,431.54,44.55152659628008,-3.0702,0.2599139111279589,0.9999
B,8.58,9.403667480718457,872.73,264.44272576088986,-9.8652,1.9679317901718083,0.9995
